리셀러 키	사업 유형	리셀러	도시	주/도	국가
277	전문 자전거 매장	The Bicycle Accessories Company	Alhambra	California	미국
455	부가 가치 리셀러	Timely Shipping Service	Alpine	California	미국
609	부가 가치 리셀러	Good Toys	Auburn	California	미국
492	전문 자전거 매장	Basic Sports Equipment	Baldwin Park	California	미국
365	전문 자전거 매장	Distinctive Store	Barstow	California	미국
168	전문 자전거 매장	Economy Bikes Company	Bell Gardens	California	미국
6	창고	Aerobic Exercise Company	Camarillo	California	미국
402	창고	Pro Sporting Goods	Camarillo	California	미국
529	창고	Big-Time Bike Store	Camarillo	California	미국
241	전문 자전거 매장	Vale Riding Supplies	Canoga Park	California	미국
167	부가 가치 리셀러	Farthermost Bike Shop	Carson	California	미국
187	창고	Trailblazing Sports	Cerritos	California	미국
493	창고	Valley Bicycle Distributors	Citrus Heights	California	미국
366	창고	Extended Bike Sales	City Of Commerce	California	미국
312	부가 가치 리셀러	Resale Services	Culver City	California	미국
151	창고	Futuristic Bikes	Culver City	California	미국
674	전문 자전거 매장	Discount Tours	Daly City	California	미국
329	전문 자전거 매장	Unicycles, Bicycles, and Tricycles	Downey	California	미국
313	전문 자전거 매장	Metropolitan Manufacturing	El Cajon	California	미국
25	부가 가치 리셀러	Coalition Bike Company	El Segundo	California	미국
131	부가 가치 리셀러	Eighth Bike Store	El Segundo	California	미국
648	부가 가치 리셀러	Small Bike Shop	El Segundo	California	미국
528	전문 자전거 매장	Alpine Ski House	Elk Grove	California	미국
257	창고	Number 1 Supply	Escondido	California	미국
474	전문 자전거 매장	Retail Cycle Shop	Eureka	California	미국
113	부가 가치 리셀러	Trendy Department Stores	Fontana	California	미국
5	전문 자전거 매장	Metropolitan Sports Supply	Fremont	California	미국
61	부가 가치 리셀러	Many Bikes Store	Fullerton	California	미국
385	부가 가치 리셀러	Sturdy Toys	Gilroy	California	미국
330	창고	The New Bike Store	Hanford	California	미국
60	창고	Main Bicycle Services	Hayward	California	미국
456	전문 자전거 매장	Riding Excursions	Irvine	California	미국
608	창고	Golf and Cycle Store	La Mesa	California	미국
403	부가 가치 리셀러	Affordable Sports Equipment	Lake Elsinore	California	미국
275	창고	Outdoor Sporting Goods	Lakewood	California	미국
41	전문 자전거 매장	Distant Inn	Milpitas	California	미국
133	창고	Commercial Sporting Goods	Modesto	California	미국
491	부가 가치 리셀러	Area Bike Accessories	Modesto	California	미국
203	부가 가치 리셀러	Separate Parts Corporation	Monrovia	California	미국
97	부가 가치 리셀러	Mountain Bike Center	Newark	California	미국
42	창고	Healthy Activity Store	Newport Beach	California	미국
419	전문 자전거 매장	Exertion Activities Club	Norwalk	California	미국
600	부가 가치 리셀러	Strenuous Exercise Shop	Norwalk	California	미국
331	부가 가치 리셀러	Technical Parts Manufacturing	Ontario	California	미국
78	창고	Preferred Bikes	Ontario	California	미국
240	부가 가치 리셀러	Wire Baskets and Parts	Orange	California	미국
276	부가 가치 리셀러	Thrifty Parts and Sales	Oxnard	California	미국
295	전문 자전거 매장	Engineered Bike Systems	Oxnard	California	미국
95	전문 자전거 매장	Rural Department Store	Pleasanton	California	미국
383	전문 자전거 매장	Vehicle Shop	Redlands	California	미국
258	부가 가치 리셀러	Quantity Discounts	Sacramento	California	미국
545	부가 가치 리셀러	Finish and Sealant Products	San Bruno	California	미국
367	부가 가치 리셀러	Brown Bicycle Company	San Diego	California	미국
77	전문 자전거 매장	Mechanical Products Ltd.	San Diego	California	미국
114	전문 자전거 매장	Two Wheels Cycle Store	San Francisco	California	미국
185	부가 가치 리셀러	Weekend Bike Tours	San Jose	California	미국
349	부가 가치 리셀러	Exercise Center	San Jose	California	미국
511	창고	Wheel Gallery	San Mateo	California	미국
23	전문 자전거 매장	Bike World	San Ramon	California	미국
384	창고	Sparkling Paint and Finishes	San Ysidro	California	미국
599	창고	Westside Plaza	Sand City	California	미국
649	전문 자전거 매장	Sports Products Store	Santa Ana	California	미국
96	창고	More Bikes!	Santa Ana	California	미국
239	창고	Bicycle Merchandise Warehouse	Santa Monica	California	미국
420	창고	Extreme Riding Supplies	Sherman Oaks	California	미국
259	전문 자전거 매장	Highway Bike Shop	Simi Valley	California	미국
150	전문 자전거 매장	Fleet Bikes	Stockton	California	미국
204	전문 자전거 매장	Traction Tire Company	Torrance	California	미국
510	전문 자전거 매장	World Bike Discount Store	Trabuco Canyon	California	미국
24	창고	Eastside Department Store	Union City	California	미국
311	창고	Principal Bike Company	Upland	California	미국
347	전문 자전거 매장	Bike Universe	Vacaville	California	미국
582	부가 가치 리셀러	Professional Sales and Service	Van Nuys	California	미국
59	전문 자전거 매장	Locks Company	Visalia	California	미국
294	부가 가치 리셀러	Flawless Bike Shop	Vista	California	미국
565	전문 자전거 매장	Metallic Paint and Overcoat Co	Vista	California	미국
547	전문 자전거 매장	Curbside Sporting Goods	Walnut Creek	California	미국
421	부가 가치 리셀러	Fitness Cycling	Whittier	California	미국
296	창고	Extreme Toy Store	Birmingham	Alabama	미국
224	창고	Pedal Systems Company	Florence	Alabama	미국
44	전문 자전거 매장	Games and Sport Supply Company	Huntsville	Alabama	미국
387	창고	Racing Association	Huntsville	Alabama	미국
189	전문 자전거 매장	Principal Bicycle Supply	Mobile	Alabama	미국
332	전문 자전거 매장	Topnotch Bikes	Montgomery	Alabama	미국
205	창고	Rally Master Company Inc	Chandler	Arizona	미국
625	전문 자전거 매장	Major Sporting Goods	Chandler	Arizona	미국
563	창고	Systematic Sales	Gilbert	Arizona	미국
457	창고	Retail Sporting Equipment	Mesa	Arizona	미국
473	부가 가치 리셀러	Racing Toys	Phoenix	Arizona	미국
437	부가 가치 리셀러	Professional Cycle Store	Phoenix	Arizona	미국
475	창고	Real Sporting Goods	Phoenix	Arizona	미국
624	부가 가치 리셀러	First Cycle Store	Scottsdale	Arizona	미국
610	전문 자전거 매장	Fitness Department Stores	Scottsdale	Arizona	미국
583	전문 자전거 매장	Professional Containers and Packaging Co.	Surprise	Arizona	미국
509	부가 가치 리셀러	Fun Toys and Bikes	Tucson	Arizona	미국
439	창고	Regional Manufacturing	Tucson	Arizona	미국
222	부가 가치 리셀러	Sample Bike Store	Denver	Colorado	미국
223	전문 자전거 매장	Paints and Solvents Company	Englewood	Colorado	미국
79	부가 가치 리셀러	Reasonable Bicycle Sales	Greeley	Colorado	미국
523	창고	Futuristic Sport Distributors	Longmont	Colorado	미국
546	부가 가치 리셀러	Field Trip Store	Loveland	Colorado	미국
348	창고	Bold Bike Accessories	Loveland	Colorado	미국
527	부가 가치 리셀러	Fun Times Club	Parker	Colorado	미국
132	전문 자전거 매장	Another Sporting Goods Company	Westminster	Colorado	미국
149	부가 가치 리셀러	Initial Bike Company	Westminster	Colorado	미국
143	부가 가치 리셀러	Modern Bike Store	East Haven	Connecticut	미국
71	전문 자전거 매장	Outdoor Distributors	Farmington	Connecticut	미국
251	창고	Endurance Bikes	Hamden	Connecticut	미국
252	부가 가치 리셀러	Classic Cycle Store	Milford	Connecticut	미국
684	창고	Lease-a-Bike Shop	Milford	Connecticut	미국
691	부가 가치 리셀러	Mountain Bike Store	New Haven	Connecticut	미국
125	부가 가치 리셀러	Immediate Repair Shop	Stamford	Connecticut	미국
216	전문 자전거 매장	Painters Bicycle Specialists	Waterbury	Connecticut	미국
215	부가 가치 리셀러	Eleventh Bike Store	Westport	Connecticut	미국
261	부가 가치 리셀러	Functional Store North	Altamonte Springs	Florida	미국
611	창고	Front Runner Bikes	Bradenton	Florida	미국
153	전문 자전거 매장	Widget Bicycle Specialists	Clearwater	Florida	미국
549	부가 가치 리셀러	Daring Rides	Clearwater	Florida	미국
458	부가 가치 리셀러	Simple Bike Parts	Destin	Florida	미국
612	부가 가치 리셀러	General Associates	Hollywood	Florida	미국
243	부가 가치 리셀러	Recreation Supplies	Kendall	Florida	미국
495	전문 자전거 매장	Tough and Reliable Parts	Lakeland	Florida	미국
315	부가 가치 리셀러	Juvenile Sports Equipment	Merritt Island	Florida	미국
494	부가 가치 리셀러	Worthwhile Activity Store	Miami	Florida	미국
242	창고	Spoke Manufacturers	Miami	Florida	미국
260	창고	Industrial Supplies	Miami	Florida	미국
188	부가 가치 리셀러	Variety Bike Outlet	Miami	Florida	미국
81	창고	Rally Day Mall	Miami	Florida	미국
98	전문 자전거 매장	Superlative Bikes	Miami	Florida	미국
26	전문 자전거 매장	Stylish Department Stores	Miami	Florida	미국
8	전문 자전거 매장	Exemplary Cycles	Miami	Florida	미국
603	부가 가치 리셀러	Retail Toy Store	Miami	Florida	미국
628	전문 자전거 매장	Executive Discount Store	Miami	Florida	미국
675	창고	Bike Goods	North Miami Beach	Florida	미국
278	창고	Tread Industries	Orlando	Florida	미국
440	부가 가치 리셀러	Hobby Store	Orlando	Florida	미국
530	부가 가치 리셀러	Valuable Bike Parts Company	Orlando	Florida	미국
99	창고	Unified Sports Company	Sarasota	Florida	미국
80	전문 자전거 매장	Racks and Security Systems	Sunrise	Florida	미국
477	전문 자전거 매장	Quitting Business Distributors	Tampa	Florida	미국
531	전문 자전거 매장	Sunny Place Bikes	Vero Beach	Florida	미국
116	부가 가치 리셀러	Retirement Activities Association	Atlanta	Georgia	미국
651	부가 가치 리셀러	Retread Tire Company	Augusta	Georgia	미국
676	부가 가치 리셀러	Better Bike Shop	Austell	Georgia	미국
525	전문 자전거 매장	Cycles and Scooters	Byron	Georgia	미국
152	부가 가치 리셀러	Distance Bikes	Clarkston	Georgia	미국
476	부가 가치 리셀러	Noiseless Gear Company	Columbus	Georgia	미국
368	전문 자전거 매장	Elemental Sporting Goods	Decatur	Georgia	미국
459	전문 자전거 매장	Parts Shop	La Grange	Georgia	미국
652	전문 자전거 매장	Selected Distributors	Marietta	Georgia	미국
351	창고	Acclaimed Bicycle Company	Mcdonough	Georgia	미국
171	전문 자전거 매장	Eighty Toy Stores	Mcdonough	Georgia	미국
584	창고	Qualified Sales and Repair Services	Savannah	Georgia	미국
117	전문 자전거 매장	Pedals Warehouse	Suwanee	Georgia	미국
110	부가 가치 리셀러	Vintage Sport Boutique	Idaho Falls	Idaho	미국
488	부가 가치 리셀러	Bicycle Accessories and Kits	Lewiston	Idaho	미국
398	전문 자전거 매장	Commendable Bikes	Sandpoint	Idaho	미국
148	창고	Lots of Bikes Storehouse	Carol Stream	Illinois	미국
147	전문 자전거 매장	Local Hardware Factory	Chicago	Illinois	미국
183	전문 자전거 매장	This Area Sporting Goods	Chicago	Illinois	미국
237	부가 가치 리셀러	Client Discount Store	Chicago	Illinois	미국
219	부가 가치 리셀러	Extras Sporting Goods	Chicago	Illinois	미국
58	부가 가치 리셀러	Largest Bike Store	Chicago	Illinois	미국
111	전문 자전거 매장	Westside Cycle Store	Elgin	Illinois	미국
400	부가 가치 리셀러	Local Sales and Rental	Joliet	Illinois	미국
346	부가 가치 리셀러	Great Bicycle Supply	Moline	Illinois	미국
472	창고	Summer Sports Place	Norridge	Illinois	미국
310	전문 자전거 매장	Orange Bicycle Company	Peoria	Illinois	미국
622	전문 자전거 매장	Gift and Toy Store	Tuscola	Illinois	미국
57	창고	Leading Sales & Repair	West Chicago	Illinois	미국
129	전문 자전거 매장	Discount Bicycle Specialists	Wood Dale	Illinois	미국
76	부가 가치 리셀러	Out-of-the-Way Hotels	Wood Dale	Illinois	미국
414	창고	Grand Discount Store	Daleville	Indiana	미국
161	부가 가치 리셀러	Weekend Tours	Fort Wayne	Indiana	미국
234	부가 가치 리셀러	Eastside Sporting Goods	Indianapolis	Indiana	미국
432	창고	Super Sports Store	Indianapolis	Indiana	미국
342	창고	Leather and Vinyl Manufacturing	Indianapolis	Indiana	미국
636	부가 가치 리셀러	Recreation Systems	Logansport	Indiana	미국
305	창고	Professional Sporting Goods	Michigan City	Indiana	미국
396	창고	Executive Gift Store	New Castle	Indiana	미국
36	창고	Exotic Bikes	South Bend	Indiana	미국
225	부가 가치 리셀러	Optimal Bikes	Campbellsville	Kentucky	미국
369	창고	Distinctive Cycles Sales & Service	Florence	Kentucky	미국
513	전문 자전거 매장	Village Tours	Newport	Kentucky	미국
297	부가 가치 리셀러	Blue-Ribbon Bike Company	Saint Matthews	Kentucky	미국
441	전문 자전거 매장	Leading Bike Distributors	Somerset	Kentucky	미국
486	전문 자전거 매장	Convenient Bike Shop	Braintree	Massachusetts	미국
53	전문 자전거 매장	Incomparable Bicycle Store	Norwood	Massachusetts	미국
107	전문 자전거 매장	Wholesale Bikes	Randolph	Massachusetts	미국
450	전문 자전거 매장	Bikes Anyone?	Saugus	Massachusetts	미국
557	창고	Purchase Mart	Wrentham	Massachusetts	미국
108	창고	Wheelsets Storehouse	Kittery	Maine	미국
642	부가 가치 리셀러	Fitness Sport Boutique	Kittery	Maine	미국
323	창고	Metro Bike Works	Detroit	Michigan	미국
431	전문 자전거 매장	Small Cycle Store	Holland	Michigan	미국
660	창고	Exhilarating Cycles	Howell	Michigan	미국
287	창고	Handy Bike Services	Madison Heights	Michigan	미국
395	전문 자전거 매장	Online Bike Sellers	Midland	Michigan	미국
468	전문 자전거 매장	Blue Bicycle Company	Monroe	Michigan	미국
197	부가 가치 리셀러	Fabrikam Inc., West	Novi	Michigan	미국
180	전문 자전거 매장	Full-Service Bike Store	Pontiac	Michigan	미국
643	전문 자전거 매장	Friendly Bike Shop	Port Huron	Michigan	미국
504	전문 자전거 매장	Historic Bicycle Sales	Redford	Michigan	미국
377	전문 자전거 매장	Grand Sport Boutique	Saginaw	Michigan	미국
360	창고	Novelty Bikes	Saginaw	Michigan	미국
198	전문 자전거 매장	Field Trip Inc	Southfield	Michigan	미국
306	부가 가치 리셀러	Work and Play Association	Southgate	Michigan	미국
288	부가 가치 리셀러	Kickstand Sellers	Westland	Michigan	미국
18	창고	Catalog Store	Zeeland	Michigan	미국
579	부가 가치 리셀러	Riders Company	Branch	Minnesota	미국
274	전문 자전거 매장	Active Systems	Duluth	Minnesota	미국
39	창고	Fitness Hotel	Edina	Minnesota	미국
694	부가 가치 리셀러	The Accessories Store	Medford	Minnesota	미국
623	창고	Hardware Components	Minneapolis	Minnesota	미국
562	전문 자전거 매장	Practical Bike Supply Company	Woodbury	Minnesota	미국
598	전문 자전거 매장	Black Bicycle Company	Branson	Missouri	미국
364	부가 가치 리셀러	District Mall	Ferguson	Missouri	미국
238	전문 자전거 매장	A Great Bicycle Company	Jefferson City	Missouri	미국
544	창고	Valley Bicycle Specialists	Kansas City	Missouri	미국
695	전문 자전거 매장	Responsible Bike Dealers	Kansas City	Missouri	미국
670	부가 가치 리셀러	First Bike Store	Odessa	Missouri	미국
363	창고	Immense Manufacturing Company	Saint Ann	Missouri	미국
327	부가 가치 리셀러	World of Bikes	Saint Louis	Missouri	미국
381	창고	Bicycle Lines Distributors	Saint Louis	Missouri	미국
220	전문 자전거 매장	Best o' Bikes	Saint Louis	Missouri	미국
646	전문 자전거 매장	Yellow Bicycle Company	Saint Louis	Missouri	미국
423	창고	Bike Rims Company	Biloxi	Mississippi	미국
566	창고	eCommerce Bikes	Gulfport	Mississippi	미국
314	창고	One-Piece Handle Bars	Tupelo	Mississippi	미국
38	전문 자전거 매장	Finer Mart	Billings	Montana	미국
541	창고	Nonskid Tire Company	Great Falls	Montana	미국
434	전문 자전거 매장	Road-Way Mart	Missoula	Montana	미국
700	부가 가치 리셀러	Underglaze and Finish Company	Charlotte	North Carolina	미국
63	창고	Metro Bike Mart	Greensboro	North Carolina	미국
699	창고	Sensational Discount Store	Kannapolis	North Carolina	미국
627	부가 가치 리셀러	Exchange Parts Inc.	Raleigh	North Carolina	미국
207	전문 자전거 매장	Lubricant and Grease Suppliers	Rocky Mount	North Carolina	미국
524	부가 가치 리셀러	Chain and Chain Tool Distributions	Smithfield	North Carolina	미국
206	부가 가치 리셀러	New and Used Bicycles	Winston-Salem	North Carolina	미국
503	부가 가치 리셀러	Metropolitan Sales and Rental	Hooksett	New Hampshire	미국
72	창고	Outdoor Equipment Store	Nashua	New Hampshire	미국
594	부가 가치 리셀러	Casual Bicycle Store	Nashua	New Hampshire	미국
618	부가 가치 리셀러	Seventh Bike Store	Plaistow	New Hampshire	미국
558	부가 가치 리셀러	Retail Sales and Service	Tilton	New Hampshire	미국
221	창고	Bike Dealers Association	Las Cruces	New Mexico	미국
581	창고	Safe Toys	Rio Rancho	New Mexico	미국
186	전문 자전거 매장	Thrilling Bike Tours	Santa Fe	New Mexico	미국
169	창고	Downtown Hotel	Fernley	Nevada	미국
438	전문 자전거 매장	Remarkable Bike Store	Las Vegas	Nevada	미국
401	전문 자전거 매장	Brightwork Company	Las Vegas	Nevada	미국
626	창고	Retail Sporting Goods	Las Vegas	Nevada	미국
564	부가 가치 리셀러	Imported and Domestic Cycles	North Las Vegas	Nevada	미국
650	창고	Permanent Finish Products	Reno	Nevada	미국
115	창고	Security Racks and Locks Wholesalers	Sparks	Nevada	미국
413	전문 자전거 매장	Margie's Travel	Central Valley	New York	미국
522	전문 자전거 매장	Small Bike Accessories Shop	Cheektowaga	New York	미국
341	전문 자전거 매장	Independent Outlet	Clay	New York	미국
324	부가 가치 리셀러	A Bicycle Association	De Witt	New York	미국
126	전문 자전거 매장	Famous Bike Sales and Service	Endicott	New York	미국
619	전문 자전거 매장	Strong Metal Manufacturing	Ithaca	New York	미국
539	부가 가치 리셀러	Glossy Bikes	Lake George	New York	미국
54	창고	Larger Cycle Shop	Melville	New York	미국
233	창고	Fashionable Department Stores	New Hartford	New York	미국
144	전문 자전거 매장	Only Bikes and Accessories	New York	New York	미국
667	부가 가치 리셀러	Traditional Department Stores	Valley Stream	New York	미국
540	전문 자전거 매장	Guaranteed Sales and Service	Burbank	Ohio	미국
575	창고	Bicycle Outfitters	Cincinnati	Ohio	미국
359	전문 자전거 매장	Mechanical Sports Center	Cincinnati	Ohio	미국
666	창고	Bike Boutique	Columbus	Ohio	미국
269	창고	Curbside Universe	Euclid	Ohio	미국
690	창고	Active Cycling	Heath	Ohio	미국
593	창고	Expert Sports Store	Holland	Ohio	미국
576	부가 가치 리셀러	The Bike Mechanics	Mansfield	Ohio	미국
179	부가 가치 리셀러	Fourth Bike Store	Mentor	Ohio	미국
270	부가 가치 리셀러	Active Transport Inc.	North Randall	Ohio	미국
89	전문 자전거 매장	Riverside Company	Oberlin	Ohio	미국
378	창고	Grown-up Bike Store	Springdale	Ohio	미국
452	부가 가치 리셀러	A Cycle Shop	Albany	Oregon	미국
595	전문 자전거 매장	Cycle Clearance	Albany	Oregon	미국
645	부가 가치 리셀러	Superior Hardware Distributors	Beaverton	Oregon	미국
91	부가 가치 리셀러	Scooters and Bikes Store	Beaverton	Oregon	미국
604	전문 자전거 매장	Sellers of Cycles	Clackamas	Oregon	미국
181	창고	Family Entertainment Center	Clackamas	Oregon	미국
693	창고	Stock Parts and Supplies	Hillsboro	Oregon	미국
163	창고	Sports Merchandise	Klamath Falls	Oregon	미국
55	부가 가치 리셀러	Kickstands and Accessories Company	Medford	Oregon	미국
451	창고	Roadway Bike Emporium	Medford	Oregon	미국
182	부가 가치 리셀러	Another Bicycle Company	Milwaukie	Oregon	미국
56	전문 자전거 매장	Latest Accessories Sales	Portland	Oregon	미국
74	전문 자전거 매장	Parcel Express Delivery Service	Portland	Oregon	미국
379	부가 가치 리셀러	Fad Outlet	Portland	Oregon	미국
487	창고	Bike Experts	Salem	Oregon	미국
644	창고	Convenient Sales and Service	Springfield	Oregon	미국
692	전문 자전거 매장	Successful Sales Company	Tigard	Oregon	미국
164	부가 가치 리셀러	Suburban Cycle Shop	Troutdale	Oregon	미국
162	전문 자전거 매장	Tire Company	Warwick	Rhode Island	미국
35	전문 자전거 매장	Economic Parts Supply	West Kingston	Rhode Island	미국
521	부가 가치 리셀러	Mobile Outlet	Woonsocket	Rhode Island	미국
548	창고	New Bikes Company	Bluffton	South Carolina	미국
422	전문 자전거 매장	Consolidated Sales	Gaffney	South Carolina	미국
386	전문 자전거 매장	Touring Services	Myrtle Beach	South Carolina	미국
454	창고	Sleek Bikes	Denby	South Dakota	미국
22	부가 가치 리셀러	Travel Systems	North Sioux City	South Dakota	미국
404	전문 자전거 매장	Activity Center	Crossville	Tennessee	미국
333	창고	Resident Cycle Shop	Hixson	Tennessee	미국
405	창고	Sporting Goods and Bicycle Shop	Kingsport	Tennessee	미국
45	창고	Every Bike Shop	La Vergne	Tennessee	미국
602	창고	Ultimate Bike Shop	Maryville	Tennessee	미국
135	전문 자전거 매장	Wonderful Bikes Inc.	Memphis	Tennessee	미국
170	부가 가치 리셀러	Excellent Riding Supplies	Memphis	Tennessee	미국
279	부가 가치 리셀러	Reliable Brake Systems	Memphis	Tennessee	미국
585	부가 가치 리셀러	Next-Door Bike Store	Memphis	Tennessee	미국
134	부가 가치 리셀러	Budget Bike Company	Millington	Tennessee	미국
27	창고	Sports Sales and Rental	Millington	Tennessee	미국
9	창고	Tandem Bicycle Store	Millington	Tennessee	미국
62	전문 자전거 매장	Manufacturers Inc	Nashville	Tennessee	미국
512	부가 가치 리셀러	Tiny Bike Boutique	Nashville	Tennessee	미국
350	전문 자전거 매장	Mountain Emporium	Nashville	Tennessee	미국
567	부가 가치 리셀러	Global Plaza	Pigeon Forge	Tennessee	미국
647	창고	Solid Bike Parts	Arlington	Texas	미국
4	부가 가치 리셀러	Modular Cycle Systems	Austin	Texas	미국
291	부가 가치 리셀러	Grand Bicycle Stores	Baytown	Texas	미국
184	창고	Go-cart and Bike Specialists	Carrollton	Texas	미국
489	전문 자전거 매장	Cash & Carry Bikes	Cedar Park	Texas	미국
436	부가 가치 리셀러	Sheet Metal Manufacturing	College Station	Texas	미국
435	창고	Satin Finish Company	Corpus Christi	Texas	미국
201	전문 자전거 매장	Unsurpassed Bikes	Dallas	Texas	미국
165	전문 자전거 매장	Third Bike Store	Dallas	Texas	미국
256	전문 자전거 매장	Rental Bikes	Dallas	Texas	미국
130	창고	Elite Bikes	Dallas	Texas	미국
112	창고	Town Industries	Dallas	Texas	미국
94	부가 가치 리셀러	Specialty Sports Store	Fort Worth	Texas	미국
75	창고	Paint Supply	Garland	Texas	미국
166	창고	Fitness Toy Store	Garland	Texas	미국
508	창고	Designer Department Stores	Hillsboro	Texas	미국
292	전문 자전거 매장	Grease and Oil Products Company	Houston	Texas	미국
309	부가 가치 리셀러	The Gear Store	Houston	Texas	미국
255	부가 가치 리셀러	Swift Cycles	Houston	Texas	미국
597	부가 가치 리셀러	All Seasons Sports Supply	Houston	Texas	미국
345	창고	Genial Bike Associates	Humble	Texas	미국
3	창고	Advanced Bike Components	Irving	Texas	미국
21	창고	Chic Department Stores	Irving	Texas	미국
399	창고	Big Cycle Mall	Killeen	Texas	미국
607	전문 자전거 매장	Maintenance and Repair for Bicycles	La Marque	Texas	미국
40	부가 가치 리셀러	Journey Sporting Goods	Laredo	Texas	미국
490	창고	Extraordinary Bike Works	Mesquite	Texas	미국
202	창고	Two-Seater Bikes	Plano	Texas	미국
273	부가 가치 리셀러	A Typical Bike Shop	Round Rock	Texas	미국
93	창고	Stationary Bikes and Stands	Round Rock	Texas	미국
471	전문 자전거 매장	Social Activities Club	San Antonio	Texas	미국
580	전문 자전거 매장	Rural Sales and Service	San Antonio	Texas	미국
382	부가 가치 리셀러	Beneficial Exercises and Activities	San Antonio	Texas	미국
417	창고	Genuine Bike Shop	San Antonio	Texas	미국
328	부가 가치 리셀러	Totes & Baskets Company	San Antonio	Texas	미국
671	전문 자전거 매장	Contoso, Ltd.	San Antonio	Texas	미국
507	전문 자전거 매장	Global Sporting Goods	Stafford	Texas	미국
561	부가 가치 리셀러	Mountain Toy Store	Sugar Land	Texas	미국
673	부가 가치 리셀러	Countryside Company	Bountiful	Utah	미국
698	전문 자전거 매장	Western Bike Supplies	Cedar City	Utah	미국
672	창고	Utilitarian Sporting Goods	Ogden	Utah	미국
293	창고	Fashionable Bikes and Accessories	Park City	Utah	미국
696	창고	Roadway Supplies	Riverton	Utah	미국
43	부가 가치 리셀러	Frugal Bike Shop	Salt Lake City	Utah	미국
7	부가 가치 리셀러	Associated Bikes	Salt Lake City	Utah	미국
601	전문 자전거 매장	Transport Bikes	Sandy	Utah	미국
697	부가 가치 리셀러	Brakes and Gears	Tooele	Utah	미국
90	창고	Sales and Supply Company	Chantilly	Virginia	미국
467	부가 가치 리셀러	The Cycle Store	Falls Church	Virginia	미국
485	부가 가치 리셀러	Clamps & Brackets Co.	Leesburg	Virginia	미국
17	전문 자전거 매장	Trusted Catalog Store	Newport News	Virginia	미국
449	부가 가치 리셀러	Bike Products and Accessories	Virginia Beach	Virginia	미국
254	창고	Safe Cycles Shop	Bellevue	Washington	미국
290	창고	Friendly Bike Shop	Bellingham	Washington	미국
621	부가 가치 리셀러	Running and Cycling Gear	Bellingham	Washington	미국
325	전문 자전거 매장	All Cycle Shop	Bothell	Washington	미국
19	부가 가치 리셀러	Center Cycle Shop	Bothell	Washington	미국
469	창고	Vast Bike Sales and Rental	Chehalis	Washington	미국
343	부가 가치 리셀러	Mail-Order Outlet	Ellensburg	Washington	미국
344	전문 자전거 매장	Fifth Bike Store	Everett	Washington	미국
308	창고	Rugged Bikes	Everett	Washington	미국
596	창고	Coho Sports	Everett	Washington	미국
669	창고	Racing Bike Outlet	Federal Way	Washington	미국
109	부가 가치 리셀러	Travel Sports	Issaquah	Washington	미국
505	창고	Honest Repair Service	Kelso	Washington	미국
668	전문 자전거 매장	Official Parts Shop	Kelso	Washington	미국
470	부가 가치 리셀러	Wingtip Toys	Kennewick	Washington	미국
326	창고	Year-Round Sports	Kent	Washington	미국
20	전문 자전거 매장	Central Discount Store	Kent	Washington	미국
542	부가 가치 리셀러	Finer Parts Shop	Kirkland	Washington	미국
433	부가 가치 리셀러	Thorough Parts and Repair Services	Lacey	Washington	미국
218	부가 가치 리셀러	Sure & Reliable Sporting Goods	Longview	Washington	미국
235	전문 자전거 매장	Certified Bicycle Supply	Lynnwood	Washington	미국
73	부가 가치 리셀러	Outdoor Sports Supply	North Bend	Washington	미국
200	부가 가치 리셀러	Basic Bike Company	Port Orchard	Washington	미국
253	전문 자전거 매장	Roving Sports	Puyallup	Washington	미국
37	부가 가치 리셀러	Two Bike Shops	Puyallup	Washington	미국
307	전문 자전거 매장	Riding Associates	Puyallup	Washington	미국
578	창고	The Bike Shop	Puyallup	Washington	미국
127	창고	Front Sporting Goods	Redmond	Washington	미국
145	창고	Raw Materials Inc	Redmond	Washington	미국
2	전문 자전거 매장	Progressive Sports	Renton	Washington	미국
289	전문 자전거 매장	Moderately-Priced Bikes Store	Renton	Washington	미국
199	창고	Authorized Bike Sales and Rental	Renton	Washington	미국
236	창고	Closeout Boutique	Seattle	Washington	미국
1	부가 가치 리셀러	A Bike Store	Seattle	Washington	미국
146	부가 가치 리셀러	Latest Sports Equipment	Seattle	Washington	미국
397	부가 가치 리셀러	Capable Sales and Service	Seattle	Washington	미국
361	부가 가치 리셀러	Fitness Supplies	Sequim	Washington	미국
217	창고	City Manufacturing	Shelton	Washington	미국
362	전문 자전거 매장	Grand Cycle Store	Spokane	Washington	미국
415	부가 가치 리셀러	Imaginary Toys	Spokane	Washington	미국
605	창고	Outstanding Cycles	Spokane	Washington	미국
577	전문 자전거 매장	Synthetic Materials Manufacturing	Tacoma	Washington	미국
272	창고	Metro Cycle Shop	Tacoma	Washington	미국
416	전문 자전거 매장	Impromptu Trips	Union Gap	Washington	미국
271	전문 자전거 매장	Alternative Vehicles	Washougal	Washington	미국
128	부가 가치 리셀러	Demand Distributors	Wenatchee	Washington	미국
92	전문 자전거 매장	Sports Commodities	Woodinville	Washington	미국
543	전문 자전거 매장	Friendly Neighborhood Bikes	Johnson Creek	Wisconsin	미국
453	전문 자전거 매장	Unique Bikes	Milwaukee	Wisconsin	미국
606	부가 가치 리셀러	Little Bicycle Supply Shop	Mosinee	Wisconsin	미국
418	부가 가치 리셀러	Good Bike Shop	Racine	Wisconsin	미국
506	부가 가치 리셀러	Great Bikes	Casper	Wyoming	미국
559	전문 자전거 매장	Some Discount Store	Cheyenne	Wyoming	미국
380	전문 자전거 매장	First Department Stores	Cheyenne	Wyoming	미국
620	창고	Tires and Tubes	Cheyenne	Wyoming	미국
560	창고	Major Sport Suppliers	Rock Springs	Wyoming	미국
105	창고	Volume Bike Sellers	Alexandria	New South Wales	오스트레일리아
658	부가 가치 리셀러	Mass Market Bikes	Alexandria	New South Wales	오스트레일리아
555	부가 가치 리셀러	Twin Cycles	Darlinghurst	New South Wales	오스트레일리아
87	창고	Rich Department Store	Lane Cove	New South Wales	오스트레일리아
141	전문 자전거 매장	Rental Gallery	Lavender Bay	New South Wales	오스트레일리아
15	창고	Budget Toy Store	Lavender Bay	New South Wales	오스트레일리아
33	창고	Global Sports Outlet	Lavender Bay	New South Wales	오스트레일리아
69	창고	Online Bike Catalog	Lavender Bay	New South Wales	오스트레일리아
231	부가 가치 리셀러	Helmets and Cycles	Lavender Bay	New South Wales	오스트레일리아
501	전문 자전거 매장	Jumbo Bikes	Malabar	New South Wales	오스트레일리아
321	부가 가치 리셀러	Second Bike Shop	Matraville	New South Wales	오스트레일리아
339	창고	Major Bicycle Store	Matraville	New South Wales	오스트레일리아
616	전문 자전거 매장	Eastward Bike Accessories	Matraville	New South Wales	오스트레일리아
393	창고	Gears and Parts Company	Milsons Point	New South Wales	오스트레일리아
682	부가 가치 리셀러	Popular Bike Lines	Newcastle	New South Wales	오스트레일리아
285	부가 가치 리셀러	Nearest Bike Store	North Ryde	New South Wales	오스트레일리아
159	전문 자전거 매장	Uncompromising Quality Co	North Ryde	New South Wales	오스트레일리아
123	전문 자전거 매장	First Supplies	North Ryde	New South Wales	오스트레일리아
195	전문 자전거 매장	Inexpensive Parts Shop	North Sydney	New South Wales	오스트레일리아
411	창고	Kids and Adults Cycle Shop	North Sydney	New South Wales	오스트레일리아
303	부가 가치 리셀러	Seaside Bike Works	North Sydney	New South Wales	오스트레일리아
483	전문 자전거 매장	Fitness Bike Accessories	Rhodes	New South Wales	오스트레일리아
573	부가 가치 리셀러	Nationwide Supply	Rhodes	New South Wales	오스트레일리아
537	전문 자전거 매장	Preferable Bikes	Rhodes	New South Wales	오스트레일리아
634	전문 자전거 매장	Sensible Sports	Rhodes	New South Wales	오스트레일리아
429	창고	Unusual Bicycle Company	Silverwater	New South Wales	오스트레일리아
447	전문 자전거 매장	Cross-town Parts Shop	Springwood	New South Wales	오스트레일리아
465	전문 자전거 매장	Expert Cycle Store	St. Leonards	New South Wales	오스트레일리아
688	부가 가치 리셀러	Bike Part Wholesalers	Sydney	New South Wales	오스트레일리아
375	창고	Region Bike Company	East Brisbane	Queensland	오스트레일리아
177	전문 자전거 매장	Plastic Products Manufacturers	Hawthorne	Queensland	오스트레일리아
51	창고	Ideal Components	Cloverdale	South Australia	오스트레일리아
357	창고	Quality Bike Sales	Findon	South Australia	오스트레일리아
640	전문 자전거 매장	Liquidation Sales	Perth	South Australia	오스트레일리아
591	부가 가치 리셀러	Fitness Discount Store	Melbourne	Victoria	오스트레일리아
664	부가 가치 리셀러	Eastside Cycle Shop	Melbourne	Victoria	오스트레일리아
519	전문 자전거 매장	List Price Catalog Company	Melbourne	Victoria	오스트레일리아
267	부가 가치 리셀러	Cycle Parts and Accessories	Melbourne	Victoria	오스트레일리아
249	부가 가치 리셀러	Helpful Sales and Repair Service	Seaford	Victoria	오스트레일리아
213	전문 자전거 매장	Fast Bike Works	South Melbourne	Victoria	오스트레일리아
190	창고	Racing Partners	Calgary	Alberta	캐나다
262	전문 자전거 매장	General Industries	Calgary	Alberta	캐나다
46	부가 가치 리셀러	Gear-Shift Bikes Limited	Calgary	Alberta	캐나다
136	창고	Wholesale Parts	Calgary	Alberta	캐나다
137	부가 가치 리셀러	Transportation Options	Calgary	Alberta	캐나다
444	전문 자전거 매장	Finer Cycle Shop	Calgary	Alberta	캐나다
354	창고	Serious Cycles	Calgary	Alberta	캐나다
370	부가 가치 리셀러	Acceptable Sales & Service	Calgary	Alberta	캐나다
661	부가 가치 리셀러	General Department Stores	Calgary	Alberta	캐나다
701	창고	Future Bikes	Calgary	Alberta	캐나다
629	창고	Efficient Cycling	Calgary	Alberta	캐나다
352	부가 가치 리셀러	Twelfth Bike Store	Edmonton	Alberta	캐나다
496	창고	Top Sports Supply	Edmonton	Alberta	캐나다
10	부가 가치 리셀러	Rural Cycle Emporium	Burnaby	British Columbia	캐나다
317	창고	Finer Riding Supplies	Burnaby	British Columbia	캐나다
263	창고	Farthest Bike Store	Burnaby	British Columbia	캐나다
588	부가 가치 리셀러	General Cycle Storehouse	Burnaby	British Columbia	캐나다
66	창고	Neighborhood Store	Burnaby	British Columbia	캐나다
172	창고	Certified Sports Supply	Richmond	British Columbia	캐나다
408	창고	Odometers and Accessories Company	Richmond	British Columbia	캐나다
497	부가 가치 리셀러	Valley Toy Store	Richmond	British Columbia	캐나다
478	창고	Major Cycling	Richmond	British Columbia	캐나다
462	전문 자전거 매장	General Riding Supplies	Richmond	British Columbia	캐나다
514	창고	Retail Mall	Richmond	British Columbia	캐나다
371	전문 자전거 매장	Custom Sales and Service	Surrey	British Columbia	캐나다
389	전문 자전거 매장	Sixth Bike Store	Surrey	British Columbia	캐나다
174	전문 자전거 매장	Toy Manufacturing Inc	Surrey	British Columbia	캐나다
173	부가 가치 리셀러	Sundry Sporting Goods	Vancouver	British Columbia	캐나다
154	창고	Camping and Sports Store	Vancouver	British Columbia	캐나다
138	전문 자전거 매장	South Bike Company	Vancouver	British Columbia	캐나다
82	부가 가치 리셀러	Refined Department Stores	Vancouver	British Columbia	캐나다
388	부가 가치 리셀러	Road Way Sales and Rental	Vancouver	British Columbia	캐나다
318	부가 가치 리셀러	First-Rate Outlet	Victoria	British Columbia	캐나다
298	전문 자전거 매장	City Cycling	Winnipeg	Manitoba	캐나다
353	전문 자전거 매장	Two-Wheeled Transit Company	Winnipeg	Manitoba	캐나다
299	창고	Citywide Service and Repair	Saint John	Brunswick	캐나다
654	부가 가치 리셀러	Online Bike Warehouse	Aurora	Ontario	캐나다
280	전문 자전거 매장	Standard Bikes	Barrie	Ontario	캐나다
426	창고	Custom Accessories Company	Brampton	Ontario	캐나다
29	전문 자전거 매장	Cross-Country Riding Supplies	Chalk Riber	Ontario	캐나다
84	창고	Rewarding Activities Company	Etobicoke	Ontario	캐나다
425	전문 자전거 매장	Bikes for Kids and Adults	Etobicoke	Ontario	캐나다
532	창고	The Showroom	Kanata	Ontario	캐나다
516	전문 자전거 매장	Seats and Saddles Company	Kingston	Ontario	캐나다
372	창고	Top Bike Market	Kingston	Ontario	캐나다
100	부가 가치 리셀러	Up-To-Date Sports	Markham	Ontario	캐나다
335	전문 자전거 매장	Scratch-Resistant Finishes Company	Mississauga	Ontario	캐나다
316	전문 자전거 매장	Low Price Cycles	Mississauga	Ontario	캐나다
534	전문 자전거 매장	Recommended Bicycles	Mississauga	Ontario	캐나다
461	부가 가치 리셀러	Active Life Toys	Mississauga	Ontario	캐나다
480	전문 자전거 매장	General Bike Corporation	Mississauga	Ontario	캐나다
498	전문 자전거 매장	Quick Delivery Service	Mississauga	Ontario	캐나다
569	창고	Designated Distributors	Nepean	Ontario	캐나다
515	부가 가치 리셀러	Rural Bicycle Supply	North York	Ontario	캐나다
228	부가 가치 리셀러	Home Town Bike Store	Ottawa	Ontario	캐나다
83	전문 자전거 매장	Requisite Part Supply	Ottawa	Ontario	캐나다
526	창고	Finer Sales and Service	Ottawa	Ontario	캐나다
677	전문 자전거 매장	Tire Exchange	Ottawa	Ontario	캐나다
587	창고	Our Sporting Goods Store	Ottawa	Ontario	캐나다
300	부가 가치 리셀러	Nice Bikes	Ottawa	Ontario	캐나다
424	부가 가치 리셀러	Bikes for Two	Richmond Hill	Ontario	캐나다
443	부가 가치 리셀러	Courteous Bicycle Specialists	Richmond Hill	Ontario	캐나다
209	부가 가치 리셀러	Purple Bicycle Company	Scarborough	Ontario	캐나다
653	창고	Mercantile Outlet	Toronto	Ontario	캐나다
630	부가 가치 리셀러	Eastside Parts Shop	Toronto	Ontario	캐나다
631	전문 자전거 매장	Tandem Sales and Service	Toronto	Ontario	캐나다
637	전문 자전거 매장	Reliable Retail Center	Toronto	Ontario	캐나다
678	창고	Vigorous Exercise Company	Toronto	Ontario	캐나다
210	전문 자전거 매장	Gasless Cycle Shop	Toronto	Ontario	캐나다
227	창고	Health Spa, Limited	Toronto	Ontario	캐나다
264	부가 가치 리셀러	Fasteners & Bolts Outlet	Toronto	Ontario	캐나다
442	창고	Original Bicycle Supply Company	Toronto	Ontario	캐나다
568	전문 자전거 매장	Economy Center	Toronto	Ontario	캐나다
551	창고	Vinyl and Plastic Goods Corporation	Toronto	Ontario	캐나다
552	부가 가치 리셀러	Consolidated Messenger	Toronto	Ontario	캐나다
28	부가 가치 리셀러	Commuter Bicycle Store	Toronto	Ontario	캐나다
64	부가 가치 리셀러	Metal Clearing House	Toronto	Ontario	캐나다
47	전문 자전거 매장	Greater Bike Store	Toronto	Ontario	캐나다
11	전문 자전거 매장	Sharp Bikes	Toronto	Ontario	캐나다
12	창고	Bikes and Motorbikes	Toronto	Ontario	캐나다
101	전문 자전거 매장	Urban Sports Emporium	Toronto	Ontario	캐나다
102	창고	National Manufacturing	Toronto	Ontario	캐나다
118	창고	Rapid Bikes	Toronto	Ontario	캐나다
208	창고	Professional Cyclists	Toronto	Ontario	캐나다
191	부가 가치 리셀러	Non-Slip Pedal Company	Toronto	Ontario	캐나다
192	전문 자전거 매장	Nuts and Bolts Mfg.	Toronto	Ontario	캐나다
155	부가 가치 리셀러	Corner Bicycle Supply	Toronto	Ontario	캐나다
613	전문 자전거 매장	Famous Bike Shop	Vancouver	Ontario	캐나다
390	창고	Plastic Parts Company	Waterloo	Ontario	캐나다
334	부가 가치 리셀러	Retreat Inn	Waterloo	Ontario	캐나다
65	전문 자전거 매장	Metro Manufacturing	Weston	Ontario	캐나다
460	창고	Price-Cutter Discount Bikes	Brossard	Quebec	캐나다
245	창고	Leather Seat Factory	Brossard	Quebec	캐나다
655	부가 가치 리셀러	Operational Manufacturing	Dorval	Quebec	캐나다
226	전문 자전거 매장	Leisure Activities	Hull	Quebec	캐나다
679	부가 가치 리셀러	Superb Sales and Repair	Montreal	Quebec	캐나다
120	전문 자전거 매장	Machines & Cycles Store	Montreal	Quebec	캐나다
570	부가 가치 리셀러	Family's Favorite Bike Shop	Montreal	Quebec	캐나다
407	전문 자전거 매장	Workout Emporium	Montreal	Quebec	캐나다
48	창고	Grand Industries	Montreal	Quebec	캐나다
246	부가 가치 리셀러	Large Bike Shop	Montreal	Quebec	캐나다
281	창고	Petroleum Products Distributors	Montreal	Quebec	캐나다
156	전문 자전거 매장	Metal Processing Company	Montreal	Quebec	캐나다
586	전문 자전거 매장	One Bike Company	Montreal	Quebec	캐나다
685	부가 가치 리셀러	Family Cycle Store	Montreal	Quebec	캐나다
244	전문 자전거 매장	Retail Discount Store	Montreal	Quebec	캐나다
336	창고	Primary Bike Distributors	Montreal	Quebec	캐나다
406	부가 가치 리셀러	The Commissary	Outremont	Quebec	캐나다
119	부가 가치 리셀러	Red Bicycle Company	Pnot-Rouge	Quebec	캐나다
30	창고	Cycle Merchants	Quebec	Quebec	캐나다
550	전문 자전거 매장	Remote Bicycle Specialists	Quebec	Quebec	캐나다
282	부가 가치 리셀러	Quick Parts and Service	Sainte-Foy	Quebec	캐나다
533	부가 가치 리셀러	Tenth Bike Store	Sillery	Quebec	캐나다
479	부가 가치 리셀러	General Supplies	Ville De'anjou	Quebec	캐나다
50	전문 자전거 매장	Hometown Riding Supplies	Berlin	Brandenburg	독일
482	부가 가치 리셀러	Fabrikam Inc., East	Eilenburg	Brandenburg	독일
633	부가 가치 리셀러	Rustic Bike Store	Augsburg	Bayern	독일
639	부가 가치 리셀러	Producer Goods Clearinghouse	Frankfurt	Bayern	독일
266	창고	Excellent Bikes	Grevenbroich	Bayern	독일
230	창고	Global Bike Retailers	Bad Soden	Hessen	독일
122	부가 가치 리셀러	Off-Price Bike Center	Berlin	Hessen	독일
518	부가 가치 리셀러	Regional Cycle Shop	Berlin	Hessen	독일
500	부가 가치 리셀러	Irregulars Outlet	Dresden	Hessen	독일
104	전문 자전거 매장	Very Best Sports Supply	Duesseldorf	Hessen	독일
356	전문 자전거 매장	Speedometer Sales	Hamburg	Hessen	독일
212	부가 가치 리셀러	Enterprise Center	München	Hessen	독일
374	전문 자전거 매장	Major Equipment Co	Salzgitter	Hessen	독일
657	창고	Links Works	Ascheim	Hamburg	독일
663	창고	Capital Riding Supplies	Augsburg	Hamburg	독일
446	부가 가치 리셀러	Fitness Toys	Berlin	Hamburg	독일
140	부가 가치 리셀러	Teen Discount Store	Bonn	Hamburg	독일
86	전문 자전거 매장	Bicycle Exporters	Essen	Hamburg	독일
320	창고	Amalgamated Parts Shop	Frankfurt am Main	Hamburg	독일
392	전문 자전거 매장	Primary Cycle Shop	Hamburg	Hamburg	독일
68	전문 자전거 매장	North Bike Company	Muehlheim	Hamburg	독일
194	부가 가치 리셀러	Mechanical Brake Manufacturers	München	Hamburg	독일
554	창고	Top of the Line Bikes	Paderborn	Hamburg	독일
284	창고	Nearby Bike Mall	Berlin	Nordrhein-Westfalen	독일
158	부가 가치 리셀러	Rural Sporting Goods	Bonn	Nordrhein-Westfalen	독일
572	창고	Versatile Sporting Goods Company	Braunschweig	Nordrhein-Westfalen	독일
428	전문 자전거 매장	West Wind Distributors	Hannover	Nordrhein-Westfalen	독일
615	부가 가치 리셀러	Fast Services	Leipzig	Nordrhein-Westfalen	독일
687	창고	Functional Store South	München	Nordrhein-Westfalen	독일
536	부가 가치 리셀러	Next Door Cycles	Berlin	Saarland	독일
14	전문 자전거 매장	Bicycle Warehouse Inc.	Frankfurt am Main	Saarland	독일
410	전문 자전거 매장	Pedaling Components	Kiel	Saarland	독일
176	부가 가치 리셀러	Rodeway Bike Store	Münster	Saarland	독일
302	창고	Best Cycle Store	Offenbach	Saarland	독일
590	창고	Lustrous Paints and Components	Poing	Saarland	독일
464	부가 가치 리셀러	Educational Services	Saarbrücken	Saarland	독일
338	전문 자전거 매장	Rambling Tours	Stuttgart	Saarland	독일
32	전문 자전거 매장	Precision Gears Inc.	Stuttgart	Saarland	독일
248	창고	Good Bicycle Store	Sulzbach Taunus	Saarland	독일
681	창고	Showcase for Cycles	Sulzbach Taunus	Saarland	독일
193	창고	자전거 세상	인천	인천광역시	한국
409	부가 가치 리셀러	휠스토리	세종	세종특별자치시	한국
481	창고	자전거 나라	대구	대구광역시	한국
121	창고	자전거 마을	대구	대구광역시	한국
175	창고	사이클 하우스	부산	부산광역시	한국
499	창고	라이딩 클럽	부산	부산광역시	한국
662	전문 자전거 매장	자전거 라이프	김해	경상남도	한국
49	부가 가치 리셀러	바이크 천국	진주	경상남도	한국
571	전문 자전거 매장	자전거 애호가	울산	울산광역시	한국
355	부가 가치 리셀러	펠로톤 스토어	서울	서울특별시	한국
391	부가 가치 리셀러	자전거 플래닛	서울	서울특별시	한국
656	전문 자전거 매장	바이크 가든	서울	서울특별시	한국
553	전문 자전거 매장	자전거 연구소	서울	서울특별시	한국
589	전문 자전거 매장	두바퀴 세상	서울	서울특별시	한국
427	부가 가치 리셀러	자전거 파라다이스	서울	서울특별시	한국
638	창고	바이크 챔프	서울	서울특별시	한국
31	부가 가치 리셀러	자전거 모험	서울	서울특별시	한국
265	전문 자전거 매장	자전거 스타일	서울	서울특별시	한국
614	창고	라이딩 존	서울	서울특별시	한국
157	창고	자전거 메이트	서울	서울특별시	한국
301	전문 자전거 매장	펠로우 라이더	서울	서울특별시	한국
211	창고	자전거 익스프레스	익산	전라북도	한국
283	전문 자전거 매장	바이크 센터	전주	전라북도	한국
13	부가 가치 리셀러	자전거 투어	제천	충청북도	한국
373	부가 가치 리셀러	바이크 매니아	제천	충청북도	한국
517	창고	자전거 러버	제천	충청북도	한국
463	창고	자전거 스테이션	제천	충청북도	한국
632	창고	두바퀴 여행	청주	충청북도	한국
67	부가 가치 리셀러	자전거 펀	충주	충청북도	한국
139	창고	사이클 힐스	성남	경기도	한국
229	전문 자전거 매장	자전거 팩토리	성남	경기도	한국
85	부가 가치 리셀러	자전거 올림픽	수원	경기도	한국
337	부가 가치 리셀러	바이크 드림	안양	경기도	한국
680	전문 자전거 매장	자전거 카페	용인	경기도	한국
686	전문 자전거 매장	라이딩 히어로	고양	경기도	한국
319	전문 자전거 매장	자전거 빌리지	구미	경상북도	한국
445	창고	바이크 랜드	포항	경상북도	한국
103	부가 가치 리셀러	자전거 어드벤처	포항	경상북도	한국
247	전문 자전거 매장	휠라이프	제주	제주특별자치도	한국
535	창고	자전거 유토피아	대전	대전광역시	한국
304	전문 자전거 매장	Essential Bike Works	Abingdon	England	영국
232	전문 자전거 매장	Exceptional Cycle Services	Basingstoke Hants	England	영국
484	창고	Downhill Bicycle Specialists	Berks	England	영국
376	부가 가치 리셀러	Commerce Bicycle Specialists	Berkshire	England	영국
412	부가 가치 리셀러	Leisure Clearing House	Birmingham	England	영국
430	부가 가치 리셀러	Uttermost Bike Shop	Bracknell	England	영국
635	창고	Sports Store	Cambridge	England	영국
52	부가 가치 리셀러	Instruments and Parts Company	Gloucestershire	England	영국
268	전문 자전거 매장	Channel Outlet	High Wycombe	England	영국
214	창고	Exclusive Bicycle Mart	Lancaster	England	영국
70	부가 가치 리셀러	Outdoor Aerobic Systems Company	London	England	영국
538	창고	Prosperous Tours	London	England	영국
574	전문 자전거 매장	Area Sheet Metal Supply	London	England	영국
16	부가 가치 리셀러	Bulk Discount Store	London	England	영국
659	전문 자전거 매장	Shipping Specialists	London	England	영국
689	전문 자전거 매장	Consumer Equipment	London	England	영국
250	전문 자전거 매장	Express Bike Services	London	England	영국
592	전문 자전거 매장	Cycling Goods	London	England	영국
641	창고	Extended Tours	London	England	영국
520	창고	Metro Metals Co.	London	England	영국
502	창고	Metropolitan Bicycle Supply	London	England	영국
665	전문 자전거 매장	Authentic Sales and Service	London	England	영국
556	전문 자전거 매장	Variety Cycling	London	England	영국
683	전문 자전거 매장	Oils and Fluids Warehouse	London	England	영국
466	창고	Central Bicycle Specialists	Maidenhead	England	영국
322	전문 자전거 매장	Tachometers and Accessories	Milton Keynes	England	영국
196	창고	Exhibition Showroom	Milton Keynes	England	영국
88	부가 가치 리셀러	Closest Bicycle Store	Milton Keynes	England	영국
617	창고	Tubeless Tire Company	Oxford	England	영국
160	창고	Vigorous Sports Store	Oxon	England	영국
286	전문 자전거 매장	Number One Bike Co.	Reading	England	영국
142	창고	Riding Cycles	Liverpool	England	영국
124	창고	Nearby Sporting Goods	W. York	England	영국
178	창고	Rampart Amusement Company	W. York	England	영국
34	부가 가치 리셀러	Cycles Wholesaler & Mfg.	Warrington	England	영국
340	부가 가치 리셀러	Nearby Cycle Shop	West Sussex	England	영국
106	부가 가치 리셀러	West Side Mart	Wokingham	England	영국
448	창고	Action Bicycle Specialists	Woolston	England	영국
358	부가 가치 리셀러	Mail Market	York	England	영국
394	부가 가치 리셀러	Little Sports Center	York	England	영국
